<?xml version="1.0" encoding="UTF-8"?>
<beans xmlns="http://www.springframework.org/schema/beans"
       xmlns:xsi="http://www.w3.org/2001/XMLSchema-instance"
       xsi:schemaLocation="http://www.springframework.org/schema/beans
https://www.springframework.org/schema/beans/spring-beans.xsd">



    <bean id="tri" class="com.masai.Triangle">
    </bean>

    <bean id="circ" class="com.masai.Circle"></bean>

    <bean id="cyl" class="com.masai.Cylinder"></bean>


    <bean id="drawShape" class="com.masai.DrawShape" autowire="byType">

    </bean>


</beans>